parcel_id,address,lat,lng,geocoder
001-5096-7,222 ST LOUIS ST,30.5217585,-91.1548158,google
000-8596-0,PO BOX 80217,30.5190775,-91.5208624,google
001-4416-9,2164 OLIVE ST,30.4392517,-91.1655378,google
001-2167-3,3346 DRUSILLA LN STE A,30.4207191,-91.08977159999999,google
000-4371-0,7515 JEFFERSON HWY #304,30.4337042,-91.1094675,google
001-6681-2,1726 AMERICA ST,30.4465092,-91.17114199999999,google
001-6718-5,PO BOX 1148,30.5190775,-91.5208624,google
000-4037-1,312 S 17TH ST,30.4452711,-91.1719964,google
000-2962-9,2415 QUAIL DR,30.4034126,-91.12637649999999,google
001-8374-1,256 S 18TH ST,30.445926,-91.17042599999999,google
001-9172-8,1563 OAKLEY DR,30.4351235,-91.0909154,google
001-1027-2,124 BRICE ST,30.4471214,-91.17121580000001,google
001-4426-6,341 BRICE ST,30.445269,-91.17079849999999,google
000-0411-1,"1550 BANCROFT AVE, APT 411",29.5875251,-90.6773075,google
001-3358-2,1919 FLOWERS CIR,30.5190775,-91.5208624,google
000-8828-5,224 S 17TH ST,30.4461666,-91.1718252,google
001-8488-8,345 BRICE ST,30.4451336,-91.17079079999999,google
001-0866-9,1488 GOVERNMENT ST,30.4433852,-91.1734743,google
001-8121-8,1748 SPAIN ST,30.4446186,-91.17067899999999,google
000-5300-7,11933 GROSS RD,30.8068404,-90.9965352,google
000-5427-5,6800 CINTAS BLVD,30.5190775,-91.5208624,google
000-5485-2,349 BRICE ST,30.4449839,-91.1707837,google
030-5906-5,1700 NORTH BLVD,30.447501,-91.1715703,google
000-0319-0,PO BOX 1786,30.5190775,-91.5208624,google
000-9831-0,260 S 18TH ST,30.4458462,-91.1704288,google
001-0853-7,PO BOX 127,31.8467956,-92.2130195,google
000-8756-4,223 S 17TH ST,30.4462681,-91.1714592,google
001-9426-3,132 N BROAD ST,29.9661312,-90.086505,google
001-4480-0,401 S 16TH ST,30.4448069,-91.17182319999999,google
308-4806-0,1778 AMERICA ST,30.4465444,-91.1706823,google
000-1386-2,302 S 18TH ST,30.445595,-91.170417,google
001-6310-4,153 N 17TH ST,30.4485745,-91.1718612,google
001-7888-8,307 S 15TH ST,30.4450628,-91.1733216,google
000-7645-7,151 S 17TH ST,30.4468155,-91.1714875,google
001-0188-5,1623 CONVENTION ST,30.449117,-91.1724033,google
001-9565-0,337 BRICE ST,30.4452826,-91.1707538,google
023-9441-3,855 FLORIDA BLVD,30.4524281,-91.09368830000001,google
000-5550-6,1777 AMERICA ST,30.4469547,-91.1706284,google
001-6971-4,2215 RHODES AVE,30.46823079999999,-91.1472537,google
000-3129-1,326 BRICE ST,30.445291,-91.1711057,google
001-9425-5,1504 FLORIDA BLVD,30.4490528,-91.17325389999999,google
000-8838-2,216 S 17TH ST,30.4464206,-91.1717671,google
001-5398-2,1605 NORTH BLVD,30.447925,-91.172522,google
000-3944-6,1647 CONVENTION ST,30.4489125,-91.17180499999999,google
000-0597-5,308 OGLETHORP ST NE,30.5190775,-91.5208624,google
000-0473-1,725 MAIN ST,29.7575041,-90.81684949999999,google
001-5946-8,425 S 17TH ST,30.4443504,-91.1714125,google
001-4795-8,1713 SPAIN ST,29.9751605,-90.05344939999999,google
001-6776-2,PO BOX 3333,30.5190775,-91.5208624,google
023-9124-4,1800 AMERICA ST,30.08799479999999,-90.9935019,google
001-6580-8,385 S 11TH ST,30.4440763,-91.17752039999999,google
000-9953-8,RT 1 BOX 154,31.0569968,-92.02754,google
000-6526-9,310 S 18TH ST,30.4452876,-91.1704183,google
023-9086-8,1743 CONVENTION ST,30.449074,-91.1708848,google
000-3916-0,214 BRICE ST,30.446356,-91.1711971,google
000-9861-2,239 BRICE ST,30.4460585,-91.17086169999999,google
000-6459-9,252 S 18TH ST,30.4460117,-91.1703701,google
001-0172-9,228 S 18TH ST,30.44641399999999,-91.17043420000002,google
001-1031-0,247 BRICE ST,30.4459942,-91.17080349999999,google
001-7068-2,12000 BOSSOM LN,30.5549244,-90.4501604,google
000-2625-5,240 S 18TH ST,30.446101,-91.17182199999999,google
000-3363-4,202 S 17TH ST,30.4464913,-91.17176979999999,google
001-3392-2,322 S 16TH ST,30.44496449999999,-91.1729867,google
000-8844-7,5775 CASTILE AVE,30.4397988,-91.13111359999999,google
001-6909-9,PO BOX 80836,30.5190775,-91.5208624,google
001-1984-9,1305 LAUREL ST,30.4509283,-91.17597940000002,google
004-6940-8,3996 BILLOPS ST,30.46064669999999,-91.1503486,google
002-0124-3,4004 PITCHER ST,30.4612999,-91.15015029999999,google
003-3375-1,4013 GUS YOUNG AVE,30.4621511,-91.150003,google
002-4752-9,4014 PITCHER ST,30.4613315,-91.1500363,google
002-0768-3,3607 ALMONASTER AVE,29.9959812,-90.04156599999999,google
012-1298-2,1324 N 40TH ST,30.4604236,-91.148816,google
007-1341-4,3918 FLORIDA BLVD,30.450192,-91.14992939999999,google
005-4989-4,365 LOFASO ST,30.4516274,-91.14991669999999,google
005-7683-2,523 LIVE OAK BLVD,30.4526059,-91.1491707,google
007-3867-0,3955 FLORIDA BLVD,30.4507376,-91.1499494,google
007-5153-7,555 LOFASO ST,30.45314939999999,-91.1499271,google
007-5476-5,7660 BOYCE DR,30.4134205,-91.14297239999999,google
007-1589-1,1031 HEATHER DR,30.4485022,-91.0667477,google
001-4619-6,2915 MONROE AVE,30.469555,-91.15958719999999,google
003-7804-6,4012 PROVOST ST,30.4600006,-91.15008399999999,google
008-4999-5,8936 ROUND OAK DR,30.3676839,-90.9998423,google
001-0044-7,4045 ADAMS AVE,30.4690444,-91.14993249999999,google
001-6597-2,4016 ADAMS AVE,30.4686689,-91.149965,google
308-4493-6,1675 CHOCTAW DR,30.4702209,-91.172584,google
004-5698-5,10315 LANGSTON DR,30.5561971,-90.91610299999999,google
003-8303-1,9386 SOUTHLAWN DR,30.3778914,-91.1115257,google
024-6370-9,2051 MAULD RD.,32.190459,-91.6975702,google
001-9867-6,1885 CHOCTAW DR,30.4701221,-91.1703656,google
002-4413-9,1563 CHOCTAW DR,30.469912,-91.173268,google
003-0128-0,1515 CHOCTAW DR,30.4704885,-91.17360289999999,google
003-0129-9,"12030 LAKELAND PARK BLVD, STE 101",30.3877665,-91.0449953,google
002-4412-0,1565 CHOCTAW DR,30.4699137,-91.17308039999999,google
004-4091-4,6145 PARKCREST CT,30.3958873,-91.04587680000002,google
003-9156-5,3335 ALLIQUIPA ST,30.478518,-91.1626048,google
003-7812-7,50 PARK CIRCLE,30.5251021,-92.0946421,google
000-5385-6,4016 N BARROW DR,30.46634139999999,-91.1500195,google
001-5807-0,4014 WASHINGTON AVE,30.4649857,-91.14992029999999,google
002-8947-7,12328 SIR WALTER AVE,30.368028,-91.08177309999999,google
002-7202-7,PO BOX 2803,30.5190775,-91.5208624,google
002-9734-8,1665 N 41ST ST,30.4634793,-91.1499024,google
004-1842-0,1645 N 37TH ST,30.4631278,-91.15317449999999,google
000-1613-6,4463 BLUEBONNET BLVD STE A,30.4081461,-91.07893260000002,google
004-0885-9,1645 N 38TH ST,30.4631809,-91.15239989999999,google
002-2439-1,1680 N 39TH ST,30.4635847,-91.1511029,google
004-7118-6,PO BOX 11109,30.5190775,-91.5208624,google
001-8299-0,177 LAUREL AVE NW,30.494906,-92.41605729999999,google
004-4553-3,1791 N 39TH ST,30.4644547,-91.15160929999999,google
004-3156-7,1640 N 36TH ST,30.4630556,-91.15358479999999,google
000-2990-4,8796 GREENWELL SPRINGS RD,30.4818562,-91.0944876,google
000-0492-8,4068 NOAH ST,30.4624703,-91.14990309999999,google
004-0619-8,1780 N 38TH ST,30.46452099999999,-91.1520778,google
004-5572-5,616 HASTENS CT,30.5190775,-91.5208624,google
002-6271-4,1734 N 36TH ST,30.4640122,-91.15355509999999,google
003-3735-8,1684 N 35TH ST,30.46344059999999,-91.15434270000002,google
004-8180-7,1767 N 39TH ST,30.4642274,-91.15154679999999,google
004-6590-9,1627 N ACADIAN THWY W,30.4628697,-91.1555652,google
000-2992-0,1741 N 4TH ST,39.4550491,-91.05292170000001,google
000-8791-2,9145 W CHANADIA DR,30.382869,-91.1111426,google
001-6088-1,1706 N ACADIAN THWY W,30.4635391,-91.1559537,google
000-2717-0,1697 NORTH EXPY # 282,30.4287689,-90.0399687,google
001-3474-0,1670 N ACADIAN THWY W,30.4634332,-91.15594949999999,google
003-4560-1,4735 WASHINGTON AVE,30.4662531,-91.1424169,google
004-3416-7,1673 N 36TH ST,30.4634117,-91.1539743,google
004-3980-0,1657 N 39TH ST,30.46335599999999,-91.1515005,google
004-1855-2,1722 N 35TH ST,30.4637774,-91.1543803,google
023-3813-0,6731 BAYOU SARA WAY,30.825034,-91.41904199999999,google
002-9406-3,1546 N 35TH ST,30.4621411,-91.15429429999999,google
004-0617-1,1770 N 38TH ST,30.4644364,-91.15204779999999,google
004-7989-6,1754 N 38TH ST,30.4642274,-91.1520462,google
003-3758-7,4152 PROVOST ST,30.4600669,-91.14843789999999,google
024-4162-4,1050 S FOSTER DR,30.43841879999999,-91.1344025,google
002-7534-4,1670 N 38TH ST,30.46326869999999,-91.1519959,google
004-3667-4,1785 N 38TH ST,30.4643518,-91.15243389999999,google
003-1043-3,7183 HANKS DR,30.49609,-91.11843359999999,google
002-6302-8,1713 N 37TH ST,30.4637234,-91.15319860000001,google
004-1845-5,1716 N 37TH ST,30.4637495,-91.15282769999999,google
002-3635-7,1657 N 38TH ST,30.4632775,-91.15240849999999,google
002-2953-9,1650 N 38TH ST,30.4631558,-91.15200809999999,google
003-9946-9,1653 N 36TH ST,30.4631438,-91.1539057,google
003-4679-9,3935 NOAH ST,30.4628266,-91.150875,google
004-0189-7,1834 88TH AVE,29.4754583,-90.3077656,google
003-3129-5,249 RIVERCREST AVE,30.5417149,-91.19830449999999,google
004-1922-2,6075 BROWNSFIELD RD,30.5465772,-91.1206617,google
003-3189-9,1664 N 35TH ST,30.4633025,-91.1544073,google
002-1497-3,1575 N 35TH ST,30.4623498,-91.15476609999999,google
002-1684-4,1582 N ACADIAN THWY E,30.4623832,-91.1551132,google
004-8495-4,1665 N 39TH ST,30.463216,-91.15152429999999,google
003-0698-3,2112 MARYLAND ST,30.428188,-91.17399420000001,google
004-5571-7,1593 N 36TH ST,30.4624651,-91.1539229,google
001-6094-6,1752 N ACADIAN THWY W,30.4642937,-91.1559839,google
002-9826-3,1753 N 36TH ST,30.464282,-91.15400199999999,google
003-1074-3,1678 N 38TH ST,30.4633606,-91.1520116,google
002-7791-6,16517 WOODLAWN ACRES AVE,30.3839587,-91.0011133,google
007-2280-4,3256 NICHOLSON DR,30.4192353,-91.1879187,google
007-9135-0,344 JENNIFER JEAN,30.4014065,-91.1735817,google
005-3284-3,1230 W CHIMES ST,30.4188168,-91.19049059999999,google
005-3888-4,3115 WYOMING ST,30.4200586,-91.1883264,google
004-9214-0,1336 ASTER ST,30.4197742,-91.1911935,google
007-1613-8,1465 ASTER ST,30.4193961,-91.1929241,google
006-6181-3,1525 W CHIMES ST,30.418808,-91.19361440000002,google
006-5333-0,1203 ASTER ST,30.4194282,-91.1901802,google
008-6299-1,1376 W CHIMES ST,30.4188482,-91.19199189999999,google
005-1123-4,1462 ASTER ST,30.4197618,-91.19286079999999,google
006-5315-2,1121 ASTER ST,30.4188397,-91.1897601,google
005-1046-7,1420 ASTER ST,30.4198399,-91.1921072,google
006-4509-5,1233 ASTER ST,30.4193264,-91.1906506,google
007-2275-8,3132 WYOMING ST,30.4198088,-91.1888517,google
005-9313-3,3187 WYOMING ST,30.4197821,-91.18827639999999,google
006-7167-3,1245 ASTER ST,30.4193662,-91.19083169999999,google
007-1591-3,1305 ASTER ST,30.4193789,-91.1909948,google
005-3914-7,3150 NICHOLSON DR,30.4200315,-91.1877069,google
005-1441-1,3262 WYOMING ST,30.4191276,-91.18882750000002,google
008-9241-6,1402 W CHIMES ST,30.4188523,-91.1921351,google
007-5453-6,1355 W CHIMES ST,30.4183944,-91.1917666,google
007-6973-8,1263 W CHIMES ST,30.4183429,-91.1906963,google
007-0504-7,1310 ASTER ST,30.419794,-91.19102679999999,google
006-9225-5,1476 ASTER ST,30.4197612,-91.19322419999999,google
004-9104-7,1215 W CHIMES ST,30.4182988,-91.18986369999999,google
007-9086-9,3148 WYOMING ST,30.4196773,-91.1887022,google
008-4573-6,1324 W CHIMES ST,30.4188016,-91.1912231,google
006-8474-0,1345 W CHIMES ST,30.4183954,-91.1915944,google
005-4522-8,1445 ASTER ST,30.4193417,-91.1924695,google
004-9182-9,1255 W CHIMES ST,30.4183667,-91.19049059999999,google
007-4338-0,1425 ASTER ST,30.4193598,-91.19228369999999,google
005-0699-0,1565 W CHIMES ST,30.4192435,-91.1934885,google
007-3414-4,1460 W CHIMES ST,30.4188417,-91.19270499999999,google
007-4544-8,1415 ASTER ST,30.4193873,-91.1921045,google
005-4687-9,1325 ASTER ST,30.4194067,-91.1913496,google
005-3265-7,1413 W CHIMES ST,30.4183945,-91.19215349999999,google
008-9093-6,3235 WYOMING ST,30.4194106,-91.188222,google
007-5102-2,1370 ASTER ST,30.4198648,-91.1919297,google
005-2320-8,1247 W CHIMES ST,30.4183676,-91.1903277,google
005-4520-1,1524 W CHIMES ST,30.4188613,-91.193024,google
008-6592-3,1146 W CHIMES ST,30.41892769999999,-91.1901547,google
007-2301-0,3222 NICHOLSON DR,30.4194095,-91.18775769999999,google
008-7449-3,1440 W CHIMES ST,30.41883979999999,-91.19256829999999,google
006-1524-2,1344 ASTER ST,30.4198243,-91.191514,google
006-7863-5,1465 W CHIMES ST,30.4184223,-91.1928637,google
008-0106-2,1554 W CHIMES ST,30.4190312,-91.1930137,google
007-3400-4,1345 ASTER ST,30.4193735,-91.1915495,google
007-3188-9,1420 W CHIMES ST,30.4188675,-91.1923484,google
008-1021-5,1241 W CHIMES ST,30.4183698,-91.1901529,google
008-8561-4,1435 W CHIMES ST,30.4183963,-91.1925167,google
006-6241-0,1272 ASTER ST,30.4198039,-91.1908284,google
006-3406-9,1470 ASTER ST,30.4197838,-91.19304269999999,google
005-6880-5,1365 ASTER ST,30.4193583,-91.1917876,google
005-3913-9,3152 NICHOLSON DR,30.4199218,-91.1877511,google
005-2323-2,1534 ASTER ST,30.4197745,-91.1936193,google
007-0357-5,1455 W CHIMES ST,30.4184014,-91.1926874,google
005-1443-8,35541 CANE MARKET RD,30.5618625,-90.925377,google
006-0182-9,1260 W CHIMES ST,30.4187768,-91.190877,google
006-1049-6,1535 W CHIMES ST,30.4189529,-91.1935671,google
008-1978-6,1232 ASTER ST,30.4197765,-91.1901015,google
007-1378-3,1136 W CHIMES ST,30.41920499999999,-91.1901072,google
006-4193-6,1147 W CHIMES ST,30.4187866,-91.18959489999999,google
005-0309-6,1485 W CHIMES ST,30.4184318,-91.19323039999999,google
007-2547-1,3300/3328 WYOMING ST,30.4189118,-91.1884096,google
004-9202-7,1310 W CHIMES ST,30.4188083,-91.191035,google
007-7419-7,1242 ASTER ST,30.419778,-91.19031489999999,google
005-1834-4,1516 ASTER ST,30.4197709,-91.1933859,google
007-7332-8,3348 WYOMING ST,30.4183917,-91.1886701,google
005-8036-8,1145 MAGNOLIA WOODS AVE,30.3869018,-91.1179654,google
008-7208-3,1334 W CHIMES ST,30.4188083,-91.19142889999999,google
008-3065-8,1315 ASTER ST,30.4193607,-91.1911729,google
006-0136-5,1440 ASTER ST,30.4198173,-91.19246470000002,google
007-4538-3,1252 ASTER ST,30.4197708,-91.19046329999999,google
006-7097-9,1262 ASTER ST,30.4198056,-91.1906408,google
005-0107-7,1233 W CHIMES ST,30.41833,-91.19003529999999,google
009-0651-4,1551 W CHIMES ST,30.4190878,-91.1935766,google
005-3887-6,955 VIOLET ST,30.4200518,-91.18831399999999,google
005-3912-0,3164 NICHOLSON DR,30.4198518,-91.18803249999999,google
006-5316-0,1137 W CHIMES ST,30.41914109999999,-91.1894774,google
005-9230-7,1315 W CHIMES ST,30.4183612,-91.1912186,google
009-1936-5,1375 ASTER ST,30.4193585,-91.1919245,google
005-3092-1,1375 W CHIMES ST,30.4183888,-91.19197249999999,google
005-9311-7,1564 W CHIMES ST,30.4192233,-91.19301080000001,google
008-9323-4,1430 ASTER ST,30.4197906,-91.19229209999999,google
008-4788-7,1475 W CHIMES ST,30.4184336,-91.19304269999999,google
005-4796-4,944/948 GERANIUM ST,30.4191073,-91.1882389,google
005-9559-4,1350 W CHIMES ST,30.41890519999999,-91.191577,google
005-9290-0,1425 W CHIMES ST,30.4183818,-91.1923214,google
005-8037-6,1001 ASTER ST,30.419242,-91.1885921,google
005-3285-1,1250 W CHIMES ST,30.4187544,-91.1906545,google
006-5997-5,1505 W CHIMES ST,30.4184598,-91.1934552,google
006-9274-3,1215 ASTER ST,30.4193569,-91.19049059999999,google
006-4194-4,1205 W CHIMES ST,30.4183873,-91.1894997,google
008-0764-8,1360 ASTER ST,30.4198215,-91.1917362,google
007-1614-6,1455 ASTER ST,30.4193825,-91.1926299,google
003-8472-0,2659 LINWOOD ST,30.4709546,-91.1731647,google
001-9858-7,2793 LINWOOD ST,30.4727051,-91.1732651,google
003-2088-9,2716 CEDAR AVE,30.4717097,-91.1700164,google
004-7850-4,"50 E. NORTH TEMPLE, RE: 530-3400,",30.5190775,-91.5208624,google
002-9371-7,2724 LINWOOD ST,30.471716,-91.1727803,google
003-6353-7,2756 LOCKWOOD ST,30.4779518,-90.0948975,google
002-1429-9,2736 CEDAR AVE,30.4719432,-91.1699898,google
002-7607-3,2733 PIMPERNEL AVE,30.4719001,-91.172282,google
003-4752-3,2755 CEDAR AVE,30.4722415,-91.1704384,google
003-1735-7,2704 CEDAR AVE,30.4715612,-91.16996689999999,google
003-6691-9,2736 JESSAMINE AVE,30.47193099999999,-91.1709018,google
002-5432-0,2784 LINWOOD ST,30.4725252,-91.17285539999999,google
002-7645-6,2717 JESSAMINE AVE,30.471631,-91.1713245,google
004-5444-3,2797 CEDAR AVE,30.4729189,-91.1704642,google
003-4197-5,2786 PIMPERNEL AVE,30.47258129999999,-91.1718918,google
002-9299-0,2714 LINWOOD ST,30.47159,-91.17278329999999,google
003-3100-7,PO BOX 551,32.9550214,-92.2970777,google
002-7217-5,2714 LOCKWOOD ST,30.4779518,-90.0948975,google
002-0089-1,PO BOX 64106,30.5190775,-91.5208624,google
001-9887-0,2778 CEDAR AVE,30.4725246,-91.1700187,google
002-6192-0,2756 CEDAR AVE,30.47225419999999,-91.1698905,google
004-3312-8,1501 SENECA ST,30.471422,-91.17380349999999,google
003-4017-0,2736 PIMPERNEL AVE,30.4718817,-91.1718612,google
002-5137-2,2747 CEDAR AVE,30.4720741,-91.17046719999999,google
003-5230-6,2784 LOCKWOOD ST,30.4779518,-90.0948975,google
002-0763-2,1604 SENECA ST,30.47106489999999,-91.17281179999999,google
004-4755-2,2729 JESSAMINE AVE,30.4717823,-91.17134449999999,google
002-8292-8,2793 JESSAMINE AVE,30.4727277,-91.1714105,google
004-1553-7,2795 LINWOOD ST,30.4728361,-91.1733055,google
003-3119-8,2774 LOCKWOOD ST,30.4779518,-90.0948975,google
004-6934-3,2775 PIMPERNEL AVE,30.47240639999999,-91.172302,google
004-8562-4,2703 LINWOOD ST,30.4714288,-91.1731956,google
003-3103-1,2744 LOCKWOOD ST,30.4779518,-90.0948975,google
002-2101-5,2798 CEDAR AVE,30.472914,-91.1700505,google
002-5234-4,2766 CEDAR AVE,30.4723822,-91.1699763,google
004-8563-2,2717 LINWOOD ST,30.4715806,-91.17339229999999,google
003-4147-9,2717 CEDAR AVE,30.4716961,-91.17037359999999,google
004-7897-0,1502 CHIPPEWA ST,30.472729,-91.17381999999999,google
004-4940-7,2773 LINWOOD ST,30.4724031,-91.173288,google
004-4528-2,2795 PIMPERNEL AVE,30.4728287,-91.1723294,google
002-5324-3,2769 CEDAR AVE,30.47236669999999,-91.17045449999999,google
003-6184-4,2793 CEDAR AVE,30.4727716,-91.17045449999999,google
002-7589-1,2755 LINWOOD ST,30.4721169,-91.1732305,google
002-2440-5,2784 CEDAR AVE,30.4726348,-91.16998989999999,google
003-3747-1,2726 JESSAMINE AVE,30.4717694,-91.1709738,google
002-5983-7,2778 PIMPERNEL AVE,30.4724556,-91.1719268,google
003-6869-5,2797 PIMPERNEL AVE,30.472874,-91.1723315,google
003-5415-5,1704 CHIPPEWA ST,30.4727685,-91.17190509999999,google
003-3708-0,2762 JESSAMINE AVE,30.4723352,-91.17094379999999,google
004-0947-2,2734 LINWOOD ST,30.4718507,-91.17281779999999,google
003-2909-6,2748 CEDAR AVE,30.4719895,-91.1699936,google
002-8982-5,2794 LINWOOD ST,30.4727948,-91.1728929,google
004-7950-0,2704 JESSAMINE AVE,30.4715213,-91.17088969999999,google
003-7841-0,2727 LINWOOD ST,30.4717156,-91.1732367,google
002-8983-3,2790 LINWOOD ST,30.4726931,-91.17288030000002,google
003-6301-4,9665 W CORONADO DR,30.4678931,-91.07943050000002,google
003-9132-8,2728 CEDAR AVE,30.4696266,-91.1277322,google
004-5715-9,2765 LINWOOD ST,30.47225629999999,-91.1732205,google
002-7216-7,3912 WHITE SANDS DR,30.4861385,-91.0650409,google
023-3797-5,1505 SENECA ST,30.4714059,-91.1735025,google
003-8689-8,2786 CEDAR AVE,30.4727819,-91.17004999999999,google
003-8489-5,2745 PIMPERNEL AVE,30.4720203,-91.1723421,google
002-8664-8,2779 CEDAR AVE,30.4725064,-91.1704716,google
004-3370-5,2785 CEDAR AVE,30.4726236,-91.1704796,google
004-0602-3,2554 CEDAR AVE,30.4705988,-91.1699184,google
003-9862-4,2548 CEDAR AVE,30.47128309999999,-91.1699787,google
002-2228-3,2604 CEDAR AVE,30.4707152,-91.1698698,google
004-1911-7,2542 CEDAR AVE,30.470478,-91.16989819999999,google
004-8049-5,2627 CEDAR AVE,30.4709522,-91.1703512,google
002-8539-0,2704 ARBUTUS AVE,30.4711688,-91.18170839999999,google
003-4156-8,2602 LUPINE AVE,30.4702961,-91.18273649999999,google
004-4485-5,2621 ARBUTUS AVE,30.4705967,-91.18219739999999,google
002-9949-9,2748 LUPINE AVE,30.4718096,-91.18280730000001,google
003-2904-5,2973 AUGUSTA,30.8338055,-92.20484719999999,google
002-1439-6,2768 LUPINE AVE,30.4720876,-91.1827508,google
002-4486-4,2722 LUPINE AVE,30.4713938,-91.1827873,google
003-6995-0,2709 LARKSPUR AVE,30.471228,-91.1802799,google
004-4724-2,2765 ARBUTUS AVE,30.4721484,-91.1823264,google
002-3824-4,16550 SPILLERS WAY,30.414226,-91.00069660000001,google
003-3137-6,2330 THIRD ST,31.3033668,-92.43549999999999,google
003-0115-9,PO BOX 548,32.3610979,-92.2982679,google
003-6423-1,2734 ARBUTUS AVE,30.47156249999999,-91.18174619999999,google
003-8279-5,2615 SORREL AVE,30.4705219,-91.1811829,google
004-8817-8,2729 LARKSPUR AVE,30.4716607,-91.1802563,google
002-2632-7,10705 LEIGH ELLEN AVE,30.3736681,-91.0937701,google
001-2750-7,10748 PERKINS RD,30.3749543,-91.09261959999999,google
002-2609-2,10713 LEIGH ELLEN AVE,30.3734904,-91.0933088,google
000-9767-5,1701 O'BRIEN DR,30.37377889999999,-91.0945998,google
002-2594-0,1717 GREENBRIAR HOLLOW DR,30.3732123,-91.0927478,google
014-8867-8,10710 N GREAT OAK CT,30.3129231,-90.8765086,google
001-0249-0,1673 O'BRIEN DR,30.3734168,-91.0948244,google
014-8910-0,1739 GREAT OAK DR,30.3735533,-91.0919601,google
014-9141-5,1834 RIDGELAND DR,30.3739408,-91.0898328,google
000-4937-9,10925 PERKINS RD,30.3751785,-91.08994159999999,google
000-9578-8,1731 O'BRIEN DR,30.3741778,-91.0943727,google
000-9376-9,1781 O'BRIEN DR,30.3747956,-91.0940225,google
000-9334-3,10611 MCGUIRE AVE,30.3752425,-91.0938274,google
000-9069-7,1790 O'BRIEN DR,30.3746704,-91.0934735,google
014-8868-6,10720 N GREAT OAK CT,30.3129231,-90.8765086,google
014-8870-8,1813 GREAT OAK DR,30.3741852,-91.09152259999999,google
002-2600-9,10717 LEIGH ELLEN AVE,30.3733873,-91.0930791,google
000-4939-5,10889 PERKINS RD,30.3754336,-91.09030249999999,google
000-9281-9,10621 MCGUIRE AVE,30.3752114,-91.093684,google
001-6355-4,1672 O'BRIEN DR,30.3731364,-91.0943559,google
014-8987-9,1768 GREAT OAK DR,30.3737584,-91.0911271,google
000-9766-7,1711 O'BRIEN DR,30.3739443,-91.0945421,google
014-9099-0,1738 GREAT OAK DR,30.3731719,-91.0914646,google
000-8460-3,1750 O'BRIEN DR,30.3741968,-91.0937259,google
000-4936-0,10935 PERKINS RD,30.3750074,-91.08983429999999,google
002-2595-9,10727 LEIGH ELLEN AVE,30.373276,-91.0928618,google
000-9358-0,1791 O'BRIEN DR,30.3748999,-91.0939523,google
002-2606-8,10715 LEIGH ELLEN AVE,30.3734318,-91.093198,google
002-2625-4,10707 LEIGH ELLEN AVE,30.3736281,-91.0936536,google
014-9119-9,1823 RIDGELAND DR,30.37360989999999,-91.0906265,google
000-9161-8,10641 MCGUIRE AVE,30.37508159999999,-91.0933864,google
014-8926-7,1729 GREAT OAK DR,30.3732975,-91.0920743,google
002-2637-8,1687 PATRICK DR,30.3732449,-91.09385089999999,google
000-9769-1,1683 O'BRIEN DR,30.3735376,-91.0947407,google
004-4080-9,10849 PERKINS RD,30.3758566,-91.0907651,google
014-9149-0,1756 RIDGELAND DR,30.3732261,-91.09016419999999,google
000-9263-0,10631 MCGUIRE AVE,30.3751657,-91.0935279,google
014-9504-6,PO BOX 83373,30.5190775,-91.5208624,google
014-8871-6,1759 GREAT OAK DR,30.3739685,-91.0916678,google
001-6357-0,1692 O'BRIEN DR,30.3734049,-91.094201,google
014-9048-6,1748 GREAT OAK DR,30.3733698,-91.0913459,google
000-9020-4,1780 O'BRIEN DR,30.374581,-91.0935294,google
014-9112-1,1755 RIDGELAND DR,30.3734143,-91.0907232,google
000-8397-6,1740 O'BRIEN DR,30.3740767,-91.09380499999999,google
001-6356-2,1682 O'BRIEN DR,30.3732696,-91.0942853,google
014-9004-4,1758 GREAT OAK DR,30.3735474,-91.0912441,google
000-8564-2,1760 O'BRIEN DR,30.3743232,-91.09366279999999,google
000-8110-8,1710 O'BRIEN DR,30.3737083,-91.0940232,google
014-8951-8,1812 GREAT OAK DR,30.3739643,-91.09092319999999,google
014-9143-1,1814 RIDGELAND DR,30.3734602,-91.0900746,google
014-9110-5,1745 RIDGELAND DR,30.3732247,-91.0908556,google
000-8388-7,1730 O'BRIEN DR,30.3739385,-91.0939058,google
014-9142-3,1824 RIDGELAND DR,30.3736189,-91.0898802,google
000-4938-7,10915 PERKINS RD,30.3753149,-91.0901027,google
014-9139-3,1844 RIDGELAND DR,30.374108,-91.0900362,google
014-9138-5,1843 RIDGELAND DR,30.3740464,-91.09040879999999,google
000-9114-6,10651 MCGUIRE AVE,30.3750058,-91.09325179999999,google
014-8872-4,1749 GREAT OAK DR,30.3737759,-91.0917784,google
001-2839-2,10859 PERKINS RD,30.37568719999999,-91.0904625,google
000-9765-9,1721 O'BRIEN DR,30.3740552,-91.0944504,google
000-8156-6,1720 O'BRIEN DR,30.37384,-91.093963,google
014-8869-4,10730 N GREAT OAK CT,30.3129231,-90.8765086,google
002-2597-5,10721 LEIGH ELLEN AVE,30.3733386,-91.092967,google
002-2612-2,10711 LEIGH ELLEN AVE,30.3735358,-91.0934254,google
014-9129-6,1833 RIDGELAND DR,30.3737974,-91.09054139999999,google
014-8865-1,10711 N GREAT OAK CT,30.3129231,-90.8765086,google
008-7480-9,1088 ELYSIAN DR,30.3804556,-91.1094232,google
008-1693-0,9642 CHANADIA DR,30.3793603,-91.1072634,google
006-7853-8,1027 FLORA LN,30.3790553,-91.1073947,google
008-0037-6,945 ARCADIA DR,30.379441,-91.1095026,google
024-9777-8,728 ALAYNA'S CT,30.3783174,-91.1151744,google
007-5214-2,1034 ELYSIAN DR,30.3799982,-91.1096929,google
005-3827-2,9464 SOUTHLAWN DR,30.3777695,-91.11063589999999,google
024-9722-0,8910 MAGNOLIA LEAF AVE,30.3777434,-91.1157233,google
008-9929-1,9422 SOUTHLAWN DR,30.3778637,-91.1110949,google
007-2149-2,1122 ARCADIA DR,30.3805112,-91.10820009999999,google
006-7241-6,818 FLORA LN,30.3773614,-91.1078384,google
004-2065-4,815 N SABINE DR,30.377397,-91.10726299999999,google
024-9733-6,9042 MAGNOLIA LEAF AVE,30.3770288,-91.114368,google
024-9741-7,9226 MAGNOLIA LEAF AVE,30.3764417,-91.1131047,google
024-9738-7,9154 MAGNOLIA LEAF AVE,30.3766366,-91.11351300000001,google
008-6818-3,1122 ELYSIAN DR,30.38060309999999,-91.10934259999999,google
008-3989-2,834 SAVANNA VIEW DR,30.3783853,-91.10842439999999,google
008-0728-1,820 STARING LN,30.3793422,-91.1156671,google
007-2457-2,889 ELYSIAN DR,30.3786418,-91.1107636,google
006-0246-9,9467 SOUTHLAWN DR,30.378243,-91.1104155,google
006-2544-2,1027 ARCADIA DR,30.379963,-91.1091958,google
024-9757-3,741 ROSS TURN ST,30.5190775,-91.5208624,google
006-9156-9,9397 SOUTHLAWN DR,30.3783847,-91.11129,google
006-5591-0,9636 CHANADIA DR,30.3795246,-91.1076916,google
024-9748-4,735 TANYA'S TRAIL ST,30.3774952,-91.1131384,google
005-8024-4,1144 SAVANNA VIEW DR,30.3801679,-91.1072745,google
005-7007-9,1146 ARCADIA DR,30.3807085,-91.1081275,google
005-4018-8,823 FLORA LN,30.3780401,-91.1080418,google
024-9775-1,718 ALAYNA'S CT,30.37819989999999,-91.1152781,google
024-9734-4,9114 MAGNOLIA LEAF AVE,30.3769133,-91.1140841,google
024-9746-8,724 TANYA'S TRAIL ST,30.3770678,-91.11277040000002,google
009-1011-2,1144 ELYSIAN DR,30.3807498,-91.1092412,google
005-7996-3,919 FLORA LN,30.3783301,-91.1078621,google
005-8452-5,1105 ELYSIAN DR,30.3807788,-91.1098013,google
005-2195-7,373 MARION DR,30.4465213,-91.1260463,google
006-2450-0,115 W ARDENWOOD DR,30.4494682,-91.1299452,google
007-5485-4,5945 ARDEN PL,30.4470484,-91.1286966,google
007-3173-0,5857 EVANS ST,30.4460368,-91.1291968,google
005-9953-0,5844 CONVENTION ST,30.4494935,-91.1292855,google
008-4734-8,6040 GLENWOOD DR,30.44862329999999,-91.1279831,google
007-8405-2,455 W ARDENWOOD DR,30.4454559,-91.1297566,google
009-1933-0,5974 EVANS ST,30.44565829999999,-91.1283794,google
005-4543-0,344 S ARDENWOOD DR,30.4470048,-91.1276381,google
009-0232-2,5946 ARDEN PL,30.4465508,-91.12866849999999,google
008-7281-4,125 W ARDENWOOD DR,30.4491001,-91.12992400000002,google
007-4250-3,5944 GLENWOOD DR,30.4485671,-91.12879769999999,google
005-3379-3,429 MARION DR,30.4458983,-91.1259836,google
005-3944-9,339 S ARDENWOOD DR,30.446902,-91.12706589999999,google
022-0769-9,6045 EVANS ST,30.4460485,-91.12810739999999,google
022-0776-1,5963 EVANS ST,30.4460191,-91.1286046,google
005-5287-9,327 MARION DR,30.4469786,-91.1260053,google
007-8454-0,271 S ARDENWOOD DR,30.4477237,-91.12704819999999,google
006-5757-3,368 S ARDENWOOD DR,30.44641159999999,-91.1275755,google
007-4545-6,6016 ARDEN PL,30.4465621,-91.12810689999999,google
008-2032-6,254 S ARDENWOOD DR,30.448279,-91.1276486,google
005-5671-8,240 MARION DR,30.4484532,-91.1266638,google
005-2536-7,265 S ARDENWOOD DR,30.4479629,-91.1270054,google
005-3321-1,229 S ARDENWOOD DR,30.4484642,-91.1270524,google
005-7968-8,5845 EASTWOOD DR,30.4480519,-91.1295797,google
006-7747-7,218 MARION ST,30.0855546,-91.00359929999999,google
006-3700-9,6021 EASTWOOD DR,30.4480948,-91.1282402,google
005-2922-2,5844 GLENWOOD DRIVE,30.448553,-91.1296559,google
006-1175-1,6065 EASTWOOD DR,30.4480622,-91.1276444,google
005-6275-0,5860 ARDEN PL,30.4464838,-91.1292502,google
005-3308-4,206 MARQUETTE AVE,30.4492144,-91.1252466,google
007-7400-6,6161 GLENWOOD DR,30.4491916,-91.1265418,google
007-6009-9,355 W ARDENWOOD DR,30.4464641,-91.1297542,google
007-2550-1,162 MARQUETTE AVE,30.44955,-91.1252995,google
009-2037-1,430 MARION DR,30.4458824,-91.12645409999999,google
007-5253-3,5880 FLORIDA BLVD,30.4507546,-91.1292089,google
007-2530-7,5979 ARDEN PL,30.4470327,-91.12832189999999,google
005-7916-5,5962 EVANS ST,30.445599,-91.12866149999999,google
008-8254-2,236 MARQUETTE ANN DR,30.5190775,-91.5208624,google
008-4765-8,5865 GLENWOOD DRIVE,30.4490524,-91.12930030000001,google
005-6021-9,5958 FLORIDA BLVD,30.4506723,-91.1285178,google
004-9493-3,196 S ARDENWOOD DR,30.449147,-91.12765329999999,google
030-1978-0,245 MARION DR,30.4484684,-91.12609979999999,google
006-5914-2,345 W ARDENWOOD DR,30.447035,-91.1298343,google
008-9238-6,143 S ARDENWOOD DR,30.4500236,-91.1269848,google
006-5682-8,6015 ARDEN PL,30.4470579,-91.12813290000001,google
005-2454-9,6032 ARDEN PL,30.4465617,-91.1279108,google
012-8868-7,6060 FLORIDA BLVD,30.4506056,-91.1280426,google
006-4503-6,5867 ARDEN PL,30.4470315,-91.1291699,google
005-2524-3,454 S ARDENWOOD DR,30.4454415,-91.1275325,google
031-6383-0,5983 EVANS ST,30.4460534,-91.1283875,google
308-5768-2,6137 NULLD'UNE TERRE AVE,31.2725336,-92.497472,google
308-5768-0,6153 NULLD'UNE TERRE AVE,31.2725336,-92.497472,google
308-5768-6,39236 VIOLET AVE,30.3108755,-90.948285,google
005-4532-5,8202 KELWOOD AVE,30.447228,-91.1001697,google
008-9618-7,8260 N PARKLAND DR,30.4499543,-91.10134699999999,google
006-3362-3,8211 KELWOOD AVE,30.4479705,-91.0999033,google
005-4533-3,8303 O'HARA COURT,30.4466548,-91.1001771,google
030-0088-5,604 CHEVELLE DR,30.4445869,-91.0992301,google
030-1290-5,8304 O'HARA CT,30.446304,-91.1007135,google
005-4536-8,8314 OHARA CT,30.446088,-91.099903,google
006-9162-3,8278 N PARKLAND DR,30.4499267,-91.10112629999999,google
006-3942-7,324 W PARKLAND DR,30.4482293,-91.1000294,google
005-9124-6,276 W PARKLAND DR,30.4488554,-91.1000329,google
007-7637-8,455 E AIRPORT AVE,30.446984,-91.10174710000001,google
006-7796-5,8364 N PARKLAND DR,30.4499736,-91.1004289,google
015-9847-3,285 E AIRPORT AVE,30.4492416,-91.1009342,google
006-5070-6,8332 N PARKLAND DR,30.4499667,-91.1006286,google
005-7704-9,527 E AIRPORT AVE,30.44612979999999,-91.1014696,google
308-5833-0,615 E AIRPORT AVE,30.4452328,-91.1017186,google
007-4511-1,8380 N PARKLAND DR,30.4499613,-91.10009559999999,google
005-9267-6,8204 N PARKLAND DR,30.449914,-91.10207079999999,google
004-9425-9,236 W PARKLAND DR,30.4495349,-91.0999878,google
006-0677-4,252 W PARKLAND DR,30.4493215,-91.0999976,google
005-1739-9,8313 O'HARA COURT,30.44689139999999,-91.09994689999999,google
005-5251-8,224 W PARKLAND DR,30.4497593,-91.1000294,google
005-4106-0,353 E AIRPORT AVE,30.4484704,-91.1018747,google
007-4167-1,323 CELESTE DR,30.0275357,-91.8308416,google
005-2158-2,8201 KELWOOD AVE,30.4478305,-91.1001739,google
008-3529-3,411 E AIRPORT AVE,30.4479043,-91.1011362,google
008-7171-0,375 E AIRPORT AVE,30.4482364,-91.101877,google
008-9736-1,429 E AIRPORT AVE,30.4476409,-91.1015988,google
008-9738-8,429 E AIRPORT AVE #2,30.447665,-91.10147529999999,google
004-9622-7,451 E AIRPORT AVE # B,30.4474498,-91.1013936,google
006-1085-2,2378 KENSINGTON DR,30.4278683,-91.1025602,google
017-6985-5,2122 RUE BEAUREGARD,30.4302892,-91.1007801,google
005-8493-2,2355 PALM HILLS BLVD,30.4292428,-91.103083,google
019-1440-5,8371 BARNETT DR,30.4273877,-91.10016209999999,google
006-2262-1,8224 ARGOSY CT,30.42829,-91.1006395,google
005-1472-1,8315 ARGOSY CT,30.4290128,-91.1000669,google
008-2026-1,8246 ARGOSY CT,30.4284258,-91.1004195,google
011-1513-8,817 N ALLYSON DR,30.4468253,-91.07196859999999,google
009-3404-6,774 LONITA ST,30.44712939999999,-91.0737347,google
009-7168-5,555 WOODHAVEN DR,32.5693284,-92.0797151,google
009-8900-2,512 WOODHAVEN ST,30.4499172,-91.07488819999999,google
009-9374-3,862 LONITA ST,30.4460947,-91.0737572,google
009-6835-8,744 WOODHAVEN DR,32.5693284,-92.0797151,google
011-0122-6,623 ELIZABETH ST,30.0109426,-91.83323399999999,google
009-6179-5,714 N ALLYSON DR,30.44777909999999,-91.0726145,google
010-8378-3,574 LONITA ST,30.4490824,-91.0736629,google
009-3018-0,726 LONITA ST,30.4476925,-91.073746,google
010-6557-2,623 LONITA ST,30.4488135,-91.0731484,google
009-2996-4,968 WOODHAVEN,30.4453559,-91.0748156,google
009-6997-4,825 WOODHAVEN DR,32.5693284,-92.0797151,google
011-0677-5,645 WOODHAVEN DR,32.5693284,-92.0797151,google
011-1503-0,671 N ALLYSON DR,30.4479886,-91.0720462,google
011-1515-4,715 N ALLYSON DR,30.44775659999999,-91.07199899999999,google
010-5217-9,622 LONITA ST,30.4488023,-91.073753,google
011-0441-1,554 LONITA ST,30.4493425,-91.0737037,google
010-1719-5,10114 S RIVEROAKS DR,30.44996769999999,-91.0754521,google
011-1502-2,725 N ALLYSON DR,30.447558,-91.07202509999999,google
010-9396-7,897 LONITA ST,30.4454492,-91.073229,google
009-8649-6,10568 FERNCLIFF AVENUE,30.4473327,-91.06693829999999,google
010-3246-1,10522 FERNCLIFF AVENUE,30.4475541,-91.06750799999999,google
010-7958-1,911 SHARP RD,30.4459579,-91.0682662,google
010-6447-9,10740 EFFRINGHAM AVE,30.4485536,-91.0645356,google
009-4188-3,10277 PARKVIEW DR,30.4462361,-91.0700894,google
011-1713-0,865 SHARP RD,30.4463836,-91.0685625,google
010-3445-6,10280 PARKVIEW DR,30.4456275,-91.06981410000002,google
010-7118-1,10266 PARKVIEW DR,30.4455965,-91.0701564,google
010-9788-1,10255 PARKVIEW DR,30.4460649,-91.0706616,google
010-4748-5,984 SINCLAIR DRIVE,30.44905869999999,-91.0662466,google
010-7482-2,10356 PARKVIEW DR,30.4456427,-91.0692728,google
308-2518-7,720 SHARP RD,30.4473544,-91.07063169999999,google
010-9641-9,1066 SINCLAIR DRIVE,30.4485169,-91.0662454,google
009-6957-5,10795 GOODWOOD BLVD,30.448122,-91.0639449,google
009-4037-2,10346 PARKVIEW DR,30.4456503,-91.06955029999999,google
010-9505-6,860 SINCLAIR DRIVE,30.4497898,-91.0662472,google
010-5850-9,1089 SINCLAIR DRIVE,30.4479008,-91.0657667,google
010-6418-5,1171 SINCLAIR DRIVE,30.4475191,-91.0661525,google
009-5424-1,820 VOOHRIES DRIVE,30.4500762,-91.0639704,google
009-3338-4,980 HEDGEWOOD DR,30.4490507,-91.0650984,google
009-9502-9,10773 GOODWOOD BLVD,30.4480128,-91.06489169999999,google
009-8876-6,923 SINCLAIR DRIVE,30.449274,-91.06566,google
010-6656-0,922 SHARP RD,30.4455976,-91.0688986,google
011-3064-1,10464 S RIVEROAKS DR,30.4499104,-91.0709048,google
010-8340-6,10779 GOODWOOD BLVD,30.4481188,-91.0645768,google
010-3668-8,10924 EFFRINGHAM AVE,30.44858309999999,-91.0626185,google
009-5078-5,11067 GOODWOOD BLVD,30.448657,-91.0606832,google
010-9153-0,913 VOOHRIES DRIVE,30.4494664,-91.0634043,google
010-7560-8,11016 GOODWOOD BLVD,30.4478364,-91.061223,google
010-4519-9,10966 SHERATON DRIVE,30.44563399999999,-91.0616052,google
010-3895-8,1170 S TINLEY DR,30.4464743,-91.0604383,google
010-0097-7,923 S TINLEY DR,30.4495943,-91.060119,google
011-0056-4,859 TIFTON DRIVE,30.4500571,-91.06121879999999,google
011-0290-7,1079 S TINLEY DR,30.447235,-91.06004089999999,google
010-8327-9,11124 GOODWOOD BLVD,30.4481316,-91.0601164,google
011-1082-9,10964 EFFRINGHAM AVE,30.4487585,-91.0618439,google
010-4937-2,1080 BRAEBURN DR,30.4469677,-91.06162139999999,google
009-3236-1,10869 GOODWOOD BLVD,30.4481519,-91.0628253,google
011-1086-1,11006 SHERATON DRIVE,30.445673,-91.0606016,google
010-1349-1,10920 GOODWOOD BLVD,30.4475845,-91.06218199999999,google
010-7986-7,835 MARLBROOK DRIVE,30.450113,-91.062293,google
010-9444-0,923 VOORHIES DRIVE,30.228114,-92.02586439999999,google
010-3091-4,945 MARLBROOK DRIVE,30.4494031,-91.0623008,google
009-9606-8,10944 SHERATON DRIVE,30.44561209999999,-91.0618257,google
011-2036-0,1117 S TINLEY DR,30.4469838,-91.0600164,google
009-2714-7,834 MARLBROOK DRIVE,30.4500896,-91.06290039999999,google
010-9724-5,987 MARLBROOK DRIVE,30.4491691,-91.0622197,google
009-8710-7,10940 GOODWOOD BLVD,30.4476677,-91.0617729,google
009-7240-1,821 VOOHRIES DRIVE,30.4501066,-91.0633837,google
011-0981-2,1183 S TINLEY DR,30.4463183,-91.05985290000001,google
009-8623-2,11019 GOODWOOD BLVD,30.4484928,-91.06120759999999,google
010-3411-1,10954 EFFRINGHAM AVE,30.4486996,-91.0620929,google
009-3664-2,11045 WORTHINGTON AVE,30.4428784,-91.0605494,google
010-5589-5,1570 BELLFORT DR,30.4399882,-91.0598983,google
010-2748-4,11088 BELLARBOR DR,30.4395419,-91.0603306,google
009-8042-0,1867 BELLRIDGE DR,30.4391016,-91.0603761,google
010-9007-0,11088 CHARINGTON AVE,30.4446205,-91.06001309999999,google
009-9722-6,11126 SHERATON DR,30.4457723,-91.060125,google
009-2662-0,1345 BRAEBURN DR,30.4441118,-91.0604999,google
009-7590-7,1175 BRAEBURN DR,30.4463719,-91.0609357,google
010-5059-1,11000 SHERATON DRIVE,30.4456503,-91.06083989999999,google
011-0295-8,1338 SILVERTON DR,30.4441343,-91.0600446,google
009-6849-8,11123 MAJOR OAK DR,30.4413155,-91.0603754,google
009-6837-4,1375 BRAEBURN DR,30.4436929,-91.06049259999999,google
011-1871-4,11052 BURTON AVE,30.44037089999999,-91.060912,google
010-0096-9,1376 SILVERTON DR,30.4437001,-91.0600363,google
010-3355-7,11085 CHARINGTON AVE,30.4451276,-91.0600803,google
010-5629-8,1391 BRAEBURN DR,30.4432669,-91.0605016,google
009-9360-3,1321 BRAEBURN DR,30.444331,-91.06054490000001,google
010-3077-9,11128 SHERATON DR,30.4458241,-91.0598983,google
010-1865-5,11140 WORTHINGTON,30.5190775,-91.5208624,google
009-6016-0,11067 WORTHINGTON AVE,30.4427784,-91.0602894,google
009-3630-8,1382 SILVERTON DR,30.4434816,-91.0599913,google
011-0834-4,11060 BURTON AVE,30.4405038,-91.0605593,google
011-1145-0,11050 BELLARBOR DR,30.4395555,-91.06097609999999,google
010-2543-0,1642 BELLFORT DR,30.4395388,-91.0598816,google
010-0251-1,11087 BELLARBOR DR,30.43995859999999,-91.06037429999999,google
009-8693-3,11016 SHERATON DRIVE,30.4457131,-91.0603747,google
010-7100-9,8275 W EL CAJON DR,30.4694329,-91.100505,google
009-7071-9,8484 ATHENS AVE,30.4748488,-91.1001951,google
009-6259-7,8448 ATHENS AVE,30.474948,-91.10045199999999,google
010-7280-3,8450 S CHOCTAW DR,30.47091129999999,-91.09994480000002,google
010-9658-3,8352 W EL CAJON DR,30.4688443,-91.09996079999999,google
010-6354-5,8435 PARIS AVE,30.4736694,-91.1005198,google
010-9147-6,8351 W EL CAJON DR,30.4694687,-91.09997899999999,google
009-7172-3,2387 N AIRWAY DR,30.469765,-91.0994115,google
010-2095-1,10620 HWY 76,30.5190775,-91.5208624,google
009-9550-9,4221 LAKE LIVINGSTON CT,30.4145598,-91.0410381,google
023-4038-0,8447 ATHENS AVE,30.4754882,-91.1005376,google
009-2942-5,8325 S CHOCTAW DR,30.4721327,-91.0998747,google
010-2108-7,8327 TOM DR,30.4684283,-91.1002966,google
011-0469-1,8450 PARIS AVE,30.4730051,-91.1000679,google
011-0465-9,2648 ROME DR,30.4727045,-91.10036099999999,google
010-9583-8,719 WINN AVE,30.4425253,-91.1274972,google
009-3378-3,8463 ATHENS AVE,30.4755024,-91.1002785,google
011-0466-7,2658 ROME DR,30.4728392,-91.100329,google
009-5024-6,8469 MADRID AVE,30.4745532,-91.09980469999999,google
008-6236-3,2055 N AIRWAY DR,30.467277,-91.09969249999999,google
011-0467-5,2668 ROME DR,30.4729591,-91.10033,google
010-0393-3,8471 ATHENS AVE,30.4754616,-91.1000334,google
010-1861-2,11126 SUNCREST AVE,30.5123079,-91.0629716,google
010-2107-9,8305 TOM DR,30.4684497,-91.10042759999999,google
010-8784-3,8367 TOM DR,30.4683777,-91.0999647,google
010-1132-4,PO BOX 309,29.7656095,-90.9025593,google
011-0464-0,2678 ROME DR,30.4731214,-91.1003526,google
010-3049-3,8356 TOM DR,30.46775239999999,-91.100055,google
009-3192-6,8469 PARIS AVE,30.4736748,-91.09995049999999,google
308-5848-9,2540 ROME DR,30.4719667,-91.0997486,google
011-0951-0,6945 FRONTIER DR,30.5149339,-91.04932099999999,google
010-2094-3,8451 PARIS AVE,30.4736776,-91.1001933,google
010-3050-7,10120 FLORIDA BLVD,30.4879116,-90.8640413,google
010-3051-5,8328 TOM DR,30.4678252,-91.1002491,google
003-4712-4,5928 S HOWELL DR,30.4769073,-91.129874,google
003-5236-5,6426 RITTERMAN AVE,30.4751865,-91.12581159999999,google
024-4203-5,6013 CHOCTAW DR,30.4714898,-91.12938059999999,google
004-2270-3,6225 CHOCTAW DR,30.4718613,-91.12790489999999,google
004-8505-5,6335 NELLIE AVE,30.4741511,-91.12662499999999,google
004-2268-1,PO BOX 80063,30.5190775,-91.5208624,google
003-6320-0,6326 KINCAID AVE,30.4719603,-91.1267932,google
002-9372-5,3035 MICHELLI DR,30.4771748,-91.1272268,google
003-0685-1,2665 MICHELLI DR,30.4729572,-91.1273423,google
004-3897-9,6310 RITTERMAN AVE,30.4751984,-91.12668500000001,google
003-2464-7,6438 KINCAID AVE,30.4720219,-91.12564809999999,google
001-9996-6,6451 CHOCTAW DR,30.4713694,-91.1256554,google
308-4135-2,6411 NELLIE AVE,30.4741528,-91.1259931,google
002-9410-1,2753 MICHELLI DR,30.4739968,-91.12736439999999,google
003-8631-6,6407 OSBORNE AVE,30.4734851,-91.1259535,google
002-0732-2,2752 MICHELLI DR,30.4740624,-91.1268324,google
003-8665-0,6375 CHOCTAW DR,30.4714231,-91.1261844,google
004-3902-9,6361 UNDERWOOD AVE,30.474851,-91.126427,google
002-2077-9,6435 NELLIE AVE,30.4741838,-91.12575749999999,google
004-8572-1,2832 MICHELLI DR,30.47491879999999,-91.12692659999999,google
002-6841-0,2776 MICHELLI DR,30.4742828,-91.1268874,google
002-1022-6,6358 NELLIE AVE,30.4737474,-91.1263695,google
003-1077-8,5945 S HOWELL DR,30.4773116,-91.1298635,google
003-5210-1,6363 KINCAID AVE,30.4724139,-91.1262029,google
003-1667-9,2819 MICHELLI DR,30.4748909,-91.1273799,google
004-2958-9,6349 OSBORNE AVE,30.4734731,-91.12647849999999,google
004-2383-1,2764 MICHELLI DR,30.4741735,-91.1268666,google
004-4584-3,2820 MICHELLI DR,30.4748823,-91.1269914,google
004-7107-0,2765 MICHELLI DR,30.4741174,-91.1273423,google
004-8017-7,2678 MICHELLI DR,30.4731113,-91.1268419,google
003-4877-5,6384 OSBORNE AVE,30.4730754,-91.1261504,google
002-8022-4,2725 MICHELLI DR,30.4735654,-91.1273589,google
002-4665-4,3175 ELGIN ST,30.4770986,-91.1265379,google
004-4466-9,5955 S HOWELL DR,30.4773291,-91.1296723,google
001-9920-6,6346 NELLIE AVE,30.473741,-91.1264832,google
003-4050-2,6438 RITTERMAN AVE,30.475207,-91.1256748,google
003-3881-8,6349 UNDERWOOD AVE,30.4748659,-91.1265513,google
004-8809-7,2710 MICHELLI DR,30.4733896,-91.1267814,google
004-0096-3,6230 RUBY CT,30.4759439,-91.12836949999999,google
003-2384-5,6336 OSBORNE AVE,30.4730852,-91.12657159999999,google
002-7889-0,6055 S HOWELL DR,30.4773459,-91.1290494,google
004-6840-1,PO BOX 748,30.5190775,-91.5208624,google
004-1105-1,6350 KINCAID AVE,30.4719962,-91.12646989999999,google
003-1411-0,6423 UNDERWOOD AVE,30.4748601,-91.1259237,google
003-5966-1,2789 MICHELLI DR,30.4743613,-91.1273908,google
004-8874-7,6408 OSBORNE AVE,30.4730902,-91.12593389999999,google
002-3710-8,6349 KINCAID AVE,30.472431,-91.1264903,google
004-1075-6,2975 MICHELLI DR,30.4765086,-91.12718939999999,google
003-1552-4,6360 OSBORNE AVE,30.47305579999999,-91.1263163,google
003-7936-0,2724 MICHELLI DR,30.4736045,-91.1268552,google
004-4924-5,6020 S HOWELL DR,30.47692,-91.1294666,google
308-5847-1,13808 MORVANT RD,30.573478,-91.1497114,google
012-7393-0,13804 MORVANT RD,30.5734499,-91.1497028,google
015-7238-5,656 RAY WEILAND DR,30.5820054,-91.1789893,google
015-1325-7,644 RAY WEILAND DR,30.5818285,-91.179014,google
016-4648-6,632 RAY WEILAND DR,30.5815985,-91.17905309999999,google
016-1371-5,620 RAY WEILAND DR,30.5813496,-91.1790965,google
022-1078-9,812 CENTER COURT BLVD,30.5849035,-91.1781827,google
015-8759-5,607 RAY WEILAND DR,30.5812409,-91.17966129999999,google
016-1552-1,2345 RAY WEILAND DR,30.5836548,-91.1784538,google
015-4042-4,2333 RAY WEILAND DR,30.58366699999999,-91.1786679,google
015-0943-8,2321 RAY WEILAND DR,30.5835438,-91.178923,google
024-0776-0,759 RAY WEILAND DR,30.5831849,-91.1793458,google
016-3530-1,747 RAY WEILAND DR,30.5829731,-91.1794477,google
016-1895-4,723 RAY WEILAND DR,30.5825451,-91.1795045,google
015-2113-6,711 RAY WEILAND DR,30.5822845,-91.17949589999999,google
015-7432-9,645 DAY DR,30.5816004,-91.17796799999999,google
016-3745-2,657 DAY DR,30.5819059,-91.177915,google
015-5417-4,669 DAY DRIVE,30.5821652,-91.17777,google
015-8311-5,2409 N DAY DR,30.5836826,-91.173801,google
015-3350-9,2421 DAY DR,30.5825116,-91.1771503,google
016-0536-4,2433 DAY DR,30.582505,-91.1768787,google
016-3442-9,2412 SOUTH ST,30.5805452,-91.17751299999999,google
016-2414-8,536 DAY DR,30.580231,-91.1775487,google
015-4226-5,524 DAY DRIVE,30.5799724,-91.1775778,google
016-2321-4,512 DAY DR,30.5796688,-91.1775085,google
015-6085-9,480 DAY DR,30.5794294,-91.1776828,google
016-3368-6,468 DAY DR,30.5791502,-91.177694,google
016-2684-1,2418 DAY DR,30.5819172,-91.1770433,google
015-9374-9,650 DAY DR,30.5816299,-91.17731979999999,google
015-4079-3,2411 SOUTH ST,30.5810536,-91.1774477,google
015-7150-8,608 RAY WEILAND DR,30.5811541,-91.17903609999999,google
015-6591-5,621 DAY DR,30.5810726,-91.17801999999999,google
015-7402-7,633 DAY DR,30.5813496,-91.17801209999999,google
015-3061-5,2325 N MAGNOLIA DR,30.5853207,-91.1788614,google
016-3826-2,2313 N MAGNOLIA DR,30.5852881,-91.17915,google
015-3910-8,2225 N MAGNOLIA DR,30.5852231,-91.1794829,google
015-1078-9,2243 N MAGNOLIA DR,30.5851773,-91.1797763,google
016-0496-1,2231 N MAGNOLIA DR,30.5851291,-91.180083,google
015-9652-7,2219 N MAGNOLIA DR,30.58507599999999,-91.1804343,google
015-9817-1,2207 N MAGNOLIA DR,30.5850157,-91.1806965,google
015-3462-9,857 W MAGNOLIA DR,30.584797,-91.1809402,google
015-5018-7,845 W MAGNOLIA DR,30.5846071,-91.1811468,google
015-5305-4,833 W MAGNOLIA DR,30.5843518,-91.1812236,google
015-7414-0,821 W MAGNOLIA DR,30.58405539999999,-91.18144129999999,google
015-7413-2,809 W MAGNOLIA DR,30.5837463,-91.18125119999999,google
015-0886-5,755 W MAGNOLIA DR,30.583528,-91.1812685,google
016-3360-0,2423 SOUTH ST,30.5810124,-91.1772255,google
016-3720-7,2435 SOUTH ST,30.5810272,-91.1769322,google
015-9805-8,637 W MAGNOLIA DR,30.5818717,-91.181578,google
016-3298-1,2429 N MAGNOLIA DR,30.5857369,-91.17695119999999,google
016-0674-3,2417 N MAGNOLIA DR,30.5856151,-91.1772522,google
016-2381-8,2405 N MAGNOLIA DR,30.5856288,-91.1775073,google
016-0701-4,2361 N MAGNOLIA DR,30.5855341,-91.1778831,google
016-0800-2,2349 N MAGNOLIA DR,30.5854387,-91.1781939,google
016-4687-7,2337 N MAGNOLIA DR,30.58537429999999,-91.17849849999999,google
015-1274-9,707 W MAGNOLIA DR,30.5824192,-91.1814941,google
016-4972-8,649 W MAGNOLIA DR,30.5821466,-91.18152909999999,google
015-8490-1,625 W MAGNOLIA DR,30.5815883,-91.1816252,google
015-3979-5,613 W MAGNOLIA DR,30.5813259,-91.1816456,google
016-1791-5,553 W MAGNOLIA DR,30.5810116,-91.1816997,google
015-7636-4,529 W MAGNOLIA DR,30.5804811,-91.18182589999999,google
015-7105-2,517 W MAGNOLIA DR,30.5802364,-91.18187669999999,google
015-1923-9,473 W MAGNOLIA DR,30.5799388,-91.18186399999999,google
015-1194-7,461 W MAGNOLIA DR,30.5796815,-91.1819369,google
015-6581-8,449 W MAGNOLIA DR,30.5792785,-91.1819517,google
016-3526-3,743 W MAGNOLIA DR,30.5832148,-91.1813204,google
015-4216-8,731 W MAGNOLIA DR,30.582953,-91.1813708,google
015-6469-2,719 W MAGNOLIA DR,30.5826981,-91.18146390000001,google
015-3365-7,2406 RAY WEILAND DR,30.58340389999999,-91.1771048,google
015-3474-2,2394 RAY WEILAND DR,30.5833528,-91.1773262,google
015-2162-4,2382 RAY WEILAND DR,30.5833129,-91.1775794,google
015-9627-6,2370 RAY WEILAND DR,30.5832434,-91.17784499999999,google
015-4143-9,2358 RAY WEILAND DR,30.5832422,-91.1780524,google
001-0661-5,2346 RAY WEILAND DR,30.5831809,-91.17831629999999,google
001-0660-7,738 RAY WEILAND DR,30.58293119999999,-91.1788223,google
016-0392-2,736 RAY WEILAND DR,30.5826771,-91.1788959,google
015-2983-8,712 RAY WEILAND DR,30.5822501,-91.1789438,google
015-1422-9,655 RAY WEILAND DR,30.5820911,-91.1795585,google
015-4218-4,643 RAY WEILAND DR,30.5818635,-91.179566,google
016-0619-0,631 RAY WEILAND DR,30.5816409,-91.17963499999999,google
016-1655-2,619 RAY WEILAND DR,30.5814598,-91.17965249999999,google
015-1181-5,620 W MAGNOLIA DR,30.5813849,-91.1810115,google
015-1787-2,632 W MAGNOLIA DR,30.5816225,-91.1803755,google
015-2064-4,644 W MAGNOLIA DR,30.5819352,-91.1809031,google
016-4361-4,656 W MAGNOLIA DR,30.5822101,-91.1808623,google
015-3475-0,714 W MAGNOLIA DR,30.5825542,-91.18076219999999,google
015-1924-7,738 W MAGNOLIA DR,30.5829749,-91.18069039999999,google
016-2568-3,750 W MAGNOLIA DR,30.5833159,-91.18067359999999,google
015-6098-0,762 W MAGNOLIA DR,30.58360219999999,-91.18061259999999,google
015-2906-4,816 W MAGNOLIA DR,30.5838481,-91.18059079999999,google
015-5393-3,830 W MAGNOLIA DR,30.5841727,-91.18059699999999,google
015-2079-2,2220 N MAGNOLIA DR,30.58450729999999,-91.18026979999999,google
016-4967-1,2230 N MAGNOLIA DR,30.5845469,-91.1799729,google
015-2219-1,2244 N MAGNOLIA DR,30.584584,-91.1796985,google
015-1826-7,2256 N MAGNOLIA DR,30.584679,-91.1793532,google
015-4193-5,2314 N MAGNOLIA DR,30.5847502,-91.17901599999999,google
015-0948-9,2369 RAY WEILAND DR,30.5837914,-91.17797159999999,google
016-2724-4,2419 RAY WEILAND DR,30.5839258,-91.1769446,google
013-7550-4,8449 PORT HUDSON-PRIDE RD,30.68232,-91.10251,google
013-6547-9,5540 HILLCREST DR,30.6608165,-91.1435934,google
011-3995-9,6546 DONNIE ST,30.6625223,-91.1444374,google
013-3814-5,6667 DONNIE ST,30.6633009,-91.1453502,google
013-0181-0,6442 DONNIE ST,30.6616795,-91.14521669999999,google
012-5471-5,6539 DONNIE ST,30.6624774,-91.14529069999999,google
011-2648-2,5226 DONNIE ST,30.6630583,-91.1450579,google
013-0133-0,5671 HILLCREST DR,30.6610841,-91.141393,google
012-8249-2,5463 HILLCREST DR,30.6617213,-91.1439273,google
012-7734-0,5215 HILLCREST DR,30.6618097,-91.14658089999999,google
013-1515-3,5412 HILLCREST DR,30.6610691,-91.1449854,google
007-2699-0,6530 DONNIE ST,30.6629161,-91.1445842,google
014-8335-8,5561 HILLCREST DR,30.6614753,-91.1428925,google
007-2700-8,6443 DONNIE ST,30.66227619999999,-91.14565449999999,google
014-1591-3,5462 HILLCREST DR,30.6608985,-91.14439139999999,google
001-5033-9,5623 HILLCREST DR,30.6627741,-91.1417172,google
011-9191-8,5312 HILLCREST DR,30.66114839999999,-91.1457152,google
011-9889-0,6545 DONNIE ST,30.6627026,-91.14509489999999,google
014-3129-3,4901 HILLCREST DR,30.6622414,-91.1499405,google
016-0626-3,6820 N. 1ST PLACE,30.830194,-90.667979,google
015-7447-7,5250 E MAE ST,30.6464179,-91.1488158,google
015-1429-6,4317 OLD WEIS RD,30.6458283,-91.1489929,google
015-9427-3,4385 OLD WEIS RD,30.6459216,-91.14897739999999,google
015-8181-3,26 DEL OAKS DR,30.4138465,-90.1342404,google
030-3632-4,5515 OLD SLAUGHTER RD,30.6557252,-91.14542019999999,google
308-3288-6,5353 MAIN ST,29.6504097,-90.7643884,google
030-3716-9,4608 HWY 19,30.6487443,-91.1499406,google
015-8255-0,5131 HWY 64,30.5190775,-91.5208624,google
014-1872-6,5233 MAIN ST,29.65416729999999,-90.7663841,google
015-2154-3,5249 MAIN ST,29.6536459,-90.76613700000001,google
020-8589-5,5635-C MAIN ST,29.6411842,-90.7610864,google
015-4181-1,5323 BOND ST,30.6501067,-91.14778799999999,google
015-3336-3,5312 BOND ST,30.6504697,-91.14787849999999,google
015-3340-1,5321 BOND ST,30.6504351,-91.1476783,google
015-7494-9,4805 OLD SLAUGHTER RD,30.6499979,-91.14731049999999,google
016-3331-7,4749 OLD SLAUGHTER RD,30.6497435,-91.14743800000001,google
015-9653-5,4909 OLD SLAUGHTER RD,30.650924,-91.1472969,google
015-6405-6,5355 CHURCH ST,30.6491251,-91.1475036,google
015-4999-5,5337 CHURCH ST,30.6491671,-91.147841,google
015-4252-4,9563 AIRLINE HWY,30.19543789999999,-90.86185379999999,google
015-1045-2,4846 HWY 19,30.650543,-91.14975319999999,google
015-1050-9,4824 HWY 19,30.6503609,-91.1497021,google
015-6071-9,4754 RANKIN ST,30.6499801,-91.1492301,google
016-2808-9,4814 RANKIN ST,30.65021,-91.149197,google
015-4998-7,4817 OLD SLAUGHTER RD,30.6499737,-91.1473542,google
015-6607-5,5321 CHURCH ST,30.6492472,-91.14797569999999,google
015-1185-8,5305 CHURCH ST,30.6492561,-91.14806209999999,google
016-1373-1,5253 BOND ST,30.6501755,-91.1485591,google
016-1559-9,14024 CAYUGA DR.,30.5743422,-91.1556123,google
014-3130-7,4901-B HILLCREST DR,30.6622414,-91.1499405,google
013-8246-2,5602 HILLCREST DR,30.6605303,-91.14255089999999,google
005-3585-0,5028 HWY. 24,40.7632954,-86.4683271,google
014-1375-9,5063 HILLCREST DR,30.6623417,-91.14900899999999,google
017-7829-3,5440 MAIN ST,29.6474193,-90.7634174,google
308-5278-0,5520 HWY 64,30.5190775,-91.5208624,google
011-9963-3,5085 HILLCREST DR,30.6620585,-91.1483284,google
015-2274-4,5125 HARLEM ST,30.6537995,-91.14896519999999,google
015-7665-8,5268 HARLEM ST.,30.6532843,-91.1477721,google
018-2986-6,5220 ST LOUIS ST,30.6524528,-91.1484315,google
015-7315-2,5223 LENNOX ST,30.6546172,-91.1480881,google
016-3327-9,5256 HARLEM ST,30.6533676,-91.1479469,google
015-8554-1,5276 ST LOUIS ST,30.6524701,-91.14821669999999,google
015-6347-5,5290 ST LOUIS ST,30.6523442,-91.14805659999999,google
308-2731-4,5119 ST LOUIS ST,30.6533112,-91.14917200000001,google
015-8642-4,5149 ST LOUIS ST,30.6528939,-91.1488991,google
015-8658-0,3733 CARBOU CT,30.4891442,-91.0629086,google
016-2519-5,PO BOX 253,30.5190775,-91.5208624,google
015-7656-9,5268 HARLEM ST,30.6532843,-91.1477721,google
015-7201-6,5131 OLD SLAUGHTER RD,30.6530942,-91.14702559999999,google
016-4340-1,5307 BOND ST,30.6501429,-91.1481656,google
308-2576-1,5227 HARLEM ST,30.6537561,-91.14795360000001,google
015-2232-9,21840 W J WICKER RD,30.6748952,-91.1072365,google
028-2601-1,1377 SHEFFIELD PKWY,30.5190775,-91.5208624,google
015-1361-3,5308 ST LOUIS ST,30.6523446,-91.1474449,google
004-2850-7,3849 OLD WEIS RD,30.6422365,-91.1491533,google
004-2838-8,3834 STONEY BROOK ST,30.6419462,-91.1487008,google
029-4925-3,5365 LOWER ZACHARY RD,30.6408591,-91.1481922,google
004-2821-3,3809 STONEY BROOK ST,30.6413152,-91.14834669999999,google
016-0999-8,5325 HARLEM ST,30.6536015,-91.1472749,google
015-6323-8,5243 OLD SLAUGHTER RD,30.6541368,-91.14684930000001,google
016-1518-1,5267 ST LOUIS ST,30.6527443,-91.14786199999999,google
000-6933-7,24522 PLANK RD,30.7082207,-91.079988,google
000-6934-5,"10745 SCENIC HWY, # 8",30.5416724,-91.1919616,google
000-6939-6,14367 GLYNN RD,30.5759397,-91.2007093,google
011-4739-0,6001 MAIN ST,29.709193,-91.3843263,google
011-9015-6,4510 MAIN ST,29.6683415,-90.77477189999999,google
012-4187-7,6797 RONNIE DR,30.6654487,-91.1475748,google
012-3536-2,6582 RONNIE DR,30.6635593,-91.1471663,google
012-4966-5,6510 RONNIE DR,30.663076,-91.14719199999999,google
017-8561-3,18127 PLANCHET RD,30.49337689999999,-90.9798732,google
019-8467-5,18195 PLANCHET RD,30.4925574,-90.978319,google
016-8738-7,18163 PLANCHET RD,30.4927851,-90.97921029999999,google
018-8215-5,18189 PLANCHET RD,30.4932569,-90.9786123,google
020-4421-8,18159 PLANCHET RD,30.4934162,-90.97946220000001,google
019-0074-9,18115 PLANCHET RD,30.4935618,-90.9804715,google
018-2894-0,PO BOX 235,30.5190775,-91.5208624,google
308-5840-9,18257 PLANCHET RD,30.4922665,-90.97724529999999,google
012-0297-9,17097 FRENCHTOWN RD,30.48700939999999,-90.9871871,google
308-5841-1,13574 REED AVE,30.5576091,-91.03708329999999,google
019-6636-7,18255 FRENCHTOWN ACRES DR,30.4890543,-90.99056689999999,google
031-2001-5,18166 PLANCHET RD,30.4915351,-90.9795065,google
005-8541-6,PO BOX 96,30.1588484,-91.7881506,google
018-1224-6,17357 FRENCHTOWN RD,30.4840693,-90.9853835,google
019-8465-9,18290 PLANCHET RD,30.4912012,-90.9770379,google
016-7659-8,18280 PLANCHET RD,30.4910687,-90.97747319999999,google
031-2000-7,18194 PLANCHET RD,30.4915552,-90.9782955,google
308-3508-6,17059 FRENCHTOWN RD,30.4878612,-90.98766409999999,google
018-1854-6,18225 PLANCHET RD,30.4923408,-90.9778414,google
005-3510-9,6400 RIVER RD,30.3844076,-91.2070095,google
022-9597-0,4000 LAKE BEAU PRE' BLVD #166,30.3901308,-91.2064718,google
022-9563-6,4000 LAKE BEAU PRE' BLVD #135,30.3888468,-91.2064255,google
022-2005-9,4000 LAKE BEAU PRE' BLVD #72,30.38920389999999,-91.20916869999999,google
022-9538-5,4000 LAKE BEAU PRE' BLVD #117,30.3889624,-91.2072077,google
017-2236-0,3955 NORTHSHORE AVE,30.3907717,-91.20697709999999,google
022-2054-7,4000 LAKE BEAU PRE' BLVD #101,30.3890619,-91.20795799999999,google
022-2021-0,4000 LAKE BEAU PRE' BLVD #82,30.3888301,-91.20907919999999,google
022-2017-2,4000 LAKE BEAU PRE' BLVD #80,30.3888451,-91.2091985,google
022-1994-8,4000 LAKE BEAU PRE' BLVD #66,30.3889089,-91.20961299999999,google
022-9549-0,4000 LAKE BEAU PRE' BLVD #124,30.3886101,-91.20732730000002,google
017-2229-8,3945 NORTHSHORE AVE,30.3907839,-91.2066919,google
022-1968-9,4000 LAKE BEAU PRE' BLVD #56,30.3893066,-91.2095023,google
022-1955-7,4000 LAKE BEAU PRE' BLVD #45,30.3891918,-91.2106065,google
022-1971-9,4000 LAKE BEAU PRE' BLVD #59,30.3891971,-91.21003660000001,google
022-2040-7,4000 LAKE BEAU PRE' BLVD #93,30.3887617,-91.2085348,google
022-1938-7,4000 LAKE BEAU PRE' BLVD #29,30.3898393,-91.2086309,google
022-2071-7,4000 LAKE BEAU PRE' BLVD #109,30.3886932,-91.20798959999999,google
022-9546-6,4000 LAKE BEAU PRE' BLVD #121,30.3889364,-91.2069685,google
022-9595-4,4000 LAKE BEAU PRE' BLVD #164,30.3902345,-91.206458,google
022-1946-8,4000 LAKE BEAU PRE' BLVD #36,30.3897294,-91.2101253,google
017-1292-6,3930 NORTHSHORE AVE,30.3912021,-91.2062109,google
022-2029-6,4000 LAKE BEAU PRE' BLVD #87,30.3891131,-91.2084455,google
022-2008-3,4000 LAKE BEAU PRE' BLVD #74,30.3891889,-91.2090494,google
022-2041-5,4000 LAKE BEAU PRE' BLVD #94,30.3887542,-91.2084751,google
022-1964-6,4000 LAKE BEAU PRE' BLVD #52,30.38944279999999,-91.2097045,google
022-1997-2,4000 LAKE BEAU PRE' BLVD #68,30.3888709,-91.20950099999999,google
017-2253-0,4033 NORTHSHORE AVE,30.3909257,-91.20796279999999,google
022-1937-9,4000 LAKE BEAU PRE' BLVD #28,30.3898816,-91.2085937,google
022-1939-5,4000 LAKE BEAU PRE' BLVD #30,30.3897971,-91.2086679,google
017-1270-5,3946 NORTHSHORE AVE,30.3912565,-91.206594,google
022-2082-2,4000 LAKE BEAU PRE' BLVD #114,30.3886558,-91.20769140000002,google
022-1929-8,4000 LAKE BEAU PRE' BLVD #21,30.3902611,-91.2082685,google
017-2216-6,3935 NORTHSHORE AVE,30.3907318,-91.2064197,google
022-9553-9,4000 LAKE BEAU PRE' BLVD #128,30.3885801,-91.2070888,google
017-2238-7,3961 NORTHSHORE AVE,30.3908147,-91.20710439999999,google
022-2086-5,4000 LAKE BEAU PRE' BLVD #115,30.3886483,-91.2076318,google
022-9552-0,4000 LAKE BEAU PRE' BLVD #127,30.3885876,-91.2071484,google
022-9626-8,4000 LAKE BEAU PRE' BLVD #190,30.3892805,-91.2062995,google
022-2051-2,4000 LAKE BEAU PRE' BLVD #99,30.3887168,-91.2081769,google
022-1936-0,4000 LAKE BEAU PRE' BLVD #27,30.3899297,-91.20855159999999,google
022-9548-2,4000 LAKE BEAU PRE' BLVD #123,30.38892329999999,-91.20684899999999,google
022-9569-5,4000 LAKE BEAU PRE' BLVD #141,30.388519,-91.2066023,google
022-9609-8,4000 LAKE BEAU PRE' BLVD #176,30.3901965,-91.20615910000001,google
017-2224-7,3941 NORTHSHORE AVE,30.3907616,-91.2065565,google
022-1965-4,4000 LAKE BEAU PRE' BLVD #53,30.38942059999999,-91.2096491,google
022-1999-9,4000 LAKE BEAU PRE' BLVD #69,30.3888516,-91.2094446,google
017-3322-2,PO BOX 14715,30.5190775,-91.5208624,google
022-9612-8,4000 LAKE BEAU PRE' BLVD #178,30.3900933,-91.2061775,google
022-9541-5,4000 LAKE BEAU PRE' BLVD #119,30.3889494,-91.20708820000002,google
022-2059-8,4000 LAKE BEAU PRE' BLVD #103,30.3890466,-91.20783879999999,google
022-2043-1,4000 LAKE BEAU PRE' BLVD #95,30.3887467,-91.2084155,google
022-9587-3,4000 LAKE BEAU PRE' BLVD #158,30.3895549,-91.20701129999999,google
022-2011-3,4000 LAKE BEAU PRE' BLVD #76,30.389174,-91.20893009999999,google
022-9604-7,4000 LAKE BEAU PRE' BLVD #172,30.3893523,-91.2065451,google
022-1956-5,4000 LAKE BEAU PRE' BLVD #46,30.3891506,-91.21064349999999,google
022-2016-4,4000 LAKE BEAU PRE' BLVD #79,30.3888526,-91.2092581,google
022-2033-4,4000 LAKE BEAU PRE' BLVD #89,30.389109,-91.2083248,google
022-2068-7,4000 LAKE BEAU PRE' BLVD #107,30.3890143,-91.2075855,google
022-1916-6,4000 LAKE BEAU PRE' BLVD #9,30.390406,-91.20869080000001,google
017-2209-3,3925 NORTHSHORE AVE,30.3907028,-91.20615509999999,google
017-2273-5,4057 NORTHSHORE AVE,30.3909867,-91.20868019999999,google
022-2053-9,4000 LAKE BEAU PRE' BLVD #10,30.389067,-91.20804,google
022-9576-8,4000 LAKE BEAU PRE' BLVD #147,30.388474,-91.2062444,google
017-1276-4,3940 NORTHSHORE AVE,30.3912125,-91.20648140000002,google
022-1922-0,4000 LAKE BEAU PRE' BLVD #15,30.3899332,-91.2090936,google
022-9543-1,4000 LAKE BEAU PRE' BLVD #120,30.3889429,-91.2070284,google
022-1932-8,4000 LAKE BEAU PRE' BLVD #23,30.3901785,-91.2083392,google
017-1235-7,4022 NORTHSHORE AVE,30.3913688,-91.20755129999999,google
017-2210-7,3931 NORTHSHORE AVE,30.3907022,-91.2062912,google
022-1954-9,4000 LAKE BEAU PRE' BLVD #44,30.3892331,-91.2105696,google
022-1972-7,4000 LAKE BEAU PRE' BLVD #60,30.3891664,-91.2099879,google
022-2038-5,4000 LAKE BEAU PRE' BLVD #92,30.3887692,-91.2085944,google
022-9596-2,4000 LAKE BEAU PRE' BLVD #165,30.3901828,-91.2064649,google
022-2036-9,4000 LAKE BEAU PRE' BLVD #91,30.3890954,-91.20819019999999,google
022-1963-8,4000 LAKE BEAU PRE' BLVD #51,30.3895595,-91.2096854,google
017-2247-6,4023 NORTHSHORE AVE,30.3908863,-91.2076828,google
022-1943-3,4000 LAKE BEAU PRE' BLVD #34,30.3896284,-91.2088508,google
017-2252-2,4027 NORTHSHORE AVE,30.3909076,-91.2078142,google
022-1974-3,4000 LAKE BEAU PRE' BLVD #62,30.3891105,-91.2098858,google
022-2026-1,4000 LAKE BEAU PRE' BLVD #85,30.3887987,-91.20890229999999,google
017-1207-1,4036 NORTHSHORE AVE,30.3914078,-91.20798219999999,google
017-1224-1,4032 NORTHSHORE AVE,30.3913792,-91.20785210000001,google
022-1919-0,4000 LAKE BEAU PRE' BLVD #12,30.39026419999999,-91.2088137,google
022-9616-0,4000 LAKE BEAU PRE' BLVD #182,30.3897484,-91.20622,google
022-1923-9,4000 LAKE BEAU PRE' BLVD #16,30.3898812,-91.2091385,google
